<?xml version="1.0" encoding="UTF-8"?>
<!DOCTYPE mapper
 PUBLIC "-//mybatis.org//DTD Mapper 3.0//EN"
 "https://mybatis.org/dtd/mybatis-3-mapper.dtd">
 <mapper namespace="user.dao.UserDAO">
 	<!-- mybatis-config.xml에서 Alias 잡아줬으니 user.bean.UserDTO 대신 user써도 됨 -->
 	
 	<!-- 입력 -->
 	<insert id="write" parameterType="UserDTO">
 		insert into usertable values(#{name}, #{id}, #{pwd})
 	</insert>
 	
 	<!-- 출력 -->
 	<select id="getUserList" parameterType="java.util.Map" resultType="UserDTO">
 		<!-- 오라클 -->
 	 	<!-- <![CDATA[
	 	 	select * from
			(select rownum rn, tt.* from
			(select * from usertable) tt
			) where rn>=#{startNum} and rn<=#{endNum}
		]]> -->
		
		<!-- MySQL : select * from usertable id limit 시작위치, 개수; (시작위치는 0부터 시작) -->
			<!-- select * from usertable id limit 0, 3 -->
		select * from usertable id limit #{startNum}, #{endNum}
 	</select>
 	
 	<!-- 총글수 -->
 	<select id="getTotalA" resultType="int">
 		select count(*) from usertable
 	</select>
 		
	<select id="getUser" parameterType="java.lang.String" resultType="UserDTO">
 		select * from usertable where id=#{id}
 	</select>
 	
 	<!-- 수정 -->
 	<update id="update" parameterType="UserDTO">
 		update usertable set name=#{name}, pwd=#{pwd} where id=#{id}
 	</update>
 	
 	<delete id="delete" parameterType="java.lang.String">
 		<!-- 오라클 (from 생략가능) -->
 		<!--
 		delete usertable where id=#{id}
 		delete from usertable where id=#{id}-->
 		
 		<!-- MySQL (from 필수)-->
 		delete from usertable where id=#{id}
 	</delete>
 	
 	<select id="isExistId" parameterType="String" resultType="UserDTO">
 		select * from usertable where id=#{id}
 	</select>
 </mapper>